alias DeWayne_Logan Dewayne A Logan <logand@mybrcc.edu>
alias Reco_Knowles Reco Knowles <knowlesr@mybrcc.edu>
alias Brandy_Tyson \"Tyson, Brandy\" <tysonb@mybrcc.edu>
alias Ayush_Gupta Ayush Gupta <ayush_gupta@mybrcc.edu>
alias Joshua_L_Gorman Joshua Gorman <joshua_l_gorman@mybrcc.edu>
alias ullmer Dr. Brygg Ullmer <ullmer@cct.lsu.edu>
alias lrogge1 Landon Rogge <lrogge1@tigers.lsu.edu>
alias branton Dr. Chris Branton <branton@cct.lsu.edu>
